IATA_CODE,station_id,name,last_active,STATE
FLL,GHCND:US1FLBW0016,"FORT LAUDERDALE 1.9 SSW, FL US",2022-07-19,FL
FLL,GHCND:US1FLBW0159,"FORT LAUDERDALE 3.7 NNE, FL US",2025-03-26,FL
FLL,GHCND:US1FLBW0179,"FORT LAUDERDALE 2.0 ENE, FL US",2025-02-24,FL
MSP,GHCND:US1MNHN0009,"MINNEAPOLIS 3.0 NNW, MN US",2022-04-25,MN
MSP,GHCND:US1MNHN0022,"MINNEAPOLIS 3.3 SW, MN US",2025-03-25,MN
MSP,GHCND:US1MNHN0028,"MINNEAPOLIS 3.8 SSW, MN US",2023-10-06,MN
DEN,GHCND:USC00052212,"DENVER INTERNATIONAL AIRPORT 2 SW, CO US",2024-02-04,CO
DEN,GHCND:USW00003017,"DENVER INTERNATIONAL AIRPORT, CO US",2025-03-25,CO
MCO,GHCND:USW00012815,"ORLANDO INTERNATIONAL AIRPORT, FL US",2025-03-25,FL
DAL,GHCND:US1TXDA0013,"DALLAS 7.2 SW, TX US",2025-03-26,TX
DAL,GHCND:US1TXDA0048,"DALLAS 2.1 NNE, TX US",2025-03-04,TX
DAL,GHCND:US1TXDA0053,"DALLAS 2.7 WNW, TX US",2025-03-26,TX
DCA,GHCND:US1DCDC0009,"WASHINGTON 2.0 SSW, DC US",2025-01-02,DC
DCA,GHCND:US1DCDC0014,"WASHINGTON 5.1 NW, DC US",2025-03-25,DC
DCA,GHCND:US1DCDC0026,"WASHINGTON 2.6 NE, DC US",2025-03-25,DC
HSV,GHCND:US1ALMD0003,"HUNTSVILLE 4.0 E, AL US",2025-03-24,AL
HSV,GHCND:US1ALMD0012,"HUNTSVILLE 7.9 SSE, AL US",2025-03-26,AL
HSV,GHCND:US1ALMD0084,"HUNTSVILLE 5.6 ESE, AL US",2022-12-31,AL
IAH,GHCND:US1TXHRR147,"SOUTH HOUSTON 3.0 S, TX US",2025-03-26,TX
IAH,GHCND:US1TXHRR165,"HOUSTON 1.4 NE, TX US",2025-01-04,TX
IAH,GHCND:US1TXHRR176,"HOUSTON 4.7 WNW, TX US",2025-03-24,TX
SEA,GHCND:US1WAKG0072,"SEATTLE 4.2 SW, WA US",2025-03-26,WA
SEA,GHCND:US1WAKG0079,"SEATTLE 3.0 WNW, WA US",2022-08-24,WA
SEA,GHCND:US1WAKG0145,"SEATTLE 4.2 N, WA US",2024-04-03,WA
ATL,GHCND:US1GADK0057,"ATLANTA 4.4 E, GA US",2025-03-25,GA
ATL,GHCND:US1GAFT0005,"ATLANTA 3.7 N, GA US",2025-03-25,GA
ATL,GHCND:US1GAFT0024,"ATLANTA 2.3 NE, GA US",2025-03-25,GA
MDW,GHCND:US1ILCK0014,"CHICAGO 5.5 ESE, IL US",2024-10-06,IL
MDW,GHCND:US1ILCK0032,"CHICAGO 6.4 NNE, IL US",2025-03-20,IL
MDW,GHCND:US1ILCK0152,"CHICAGO RIDGE 0.2 WSW, IL US",2025-03-25,IL
BDL,GHCND:USW00014740,"HARTFORD BRADLEY INTERNATIONAL AIRPORT, CT US",2025-03-25,CT
SJC,GHCND:US1CASC0004,"SAN JOSE 5.4 SW, CA US",2025-03-18,CA
SJC,GHCND:US1CASC0010,"SAN JOSE 2.7 SSW, CA US",2025-03-20,CA
SJC,GHCND:US1CASC0032,"SAN JOSE 6.2 W, CA US",2025-03-25,CA
BWI,GHCND:USC00180467,"BALTIMORE WASHINGTON INTERNATIONAL CLIMATE SNOW, MD US",2025-01-31,MD
BWI,GHCND:USW00093721,"BALTIMORE WASHINGTON INTERNATIONAL AIRPORT, MD US",2025-03-24,MD
STT,GHCND:VQ1VIST0003,"CHARLOTTE AMALIE 1.4 NE, US",2023-02-22,VI
STT,GHCND:VQ1VIST0004,"CHARLOTTE AMALIE 5.1 E, US",2023-02-18,VI
STT,GHCND:VQ1VIST0005,"CHARLOTTE AMALIE WEST 4.2 WNW, US",2025-03-25,VI
JFK,GHCND:USC00308721,"UPTON COOP NWSFO NEW YORK, NY US",2025-03-26,NY
JFK,GHCND:USR0000NGAN,"GANG MILLS NEW YORK, NY US",2025-03-26,NY
JFK,GHCND:USR0000NSAR,"SARA NEW YORK, NY US",2025-03-26,NY
GRR,GHCND:USW00094860,"GRAND RAPIDS GERALD R FORD INTERNATIONAL AIRPORT, MI US",2025-03-24,MI
CLT,GHCND:US1NCMK0050,"CHARLOTTE 5.8 SE, NC US",2025-03-26,NC
CLT,GHCND:US1NCMK0053,"CHARLOTTE 7.0 ENE, NC US",2025-03-25,NC
CLT,GHCND:US1NCMK0071,"CHARLOTTE 5.8 E, NC US",2025-03-24,NC
ORD,GHCND:US1ILCK0014,"CHICAGO 5.5 ESE, IL US",2024-10-06,IL
ORD,GHCND:US1ILCK0032,"CHICAGO 6.4 NNE, IL US",2025-03-20,IL
ORD,GHCND:US1ILCK0152,"CHICAGO RIDGE 0.2 WSW, IL US",2025-03-25,IL
LAS,GHCND:US1NVCK0002,"LAS VEGAS 2.2 SW, NV US",2025-03-21,NV
LAS,GHCND:US1NVCK0007,"LAS VEGAS 7.8 SW, NV US",2025-03-25,NV
LAS,GHCND:US1NVCK0039,"LAS VEGAS 3.9 S, NV US",2025-03-18,NV
TUL,GHCND:USW00013968,"TULSA INTERNATIONAL AIRPORT, OK US",2025-03-25,OK
USA,GHCND:US1NCCB0008,"CONCORD 4.5 SW, NC US",2022-11-11,NC
USA,GHCND:US1NCCB0023,"CONCORD 1.8 ENE, NC US",2025-03-26,NC
USA,GHCND:US1NCCB0024,"CONCORD 3.2 WSW, NC US",2024-05-20,NC
SLC,GHCND:USW00024127,"SALT LAKE CITY INTERNATIONAL AIRPORT, UT US",2025-03-25,UT
BNA,GHCND:USW00013897,"NASHVILLE INTERNATIONAL AIRPORT, TN US",2025-03-25,TN
AUS,GHCND:US1TXHYS059,"AUSTIN 14.7 WSW, TX US",2025-03-24,TX
AUS,GHCND:US1TXTV0002,"AUSTIN 2.8 N ALLANDALE, TX US",2025-03-04,TX
AUS,GHCND:US1TXTV0010,"AUSTIN 1.7 NNW 45TH AND LP1, TX US",2025-03-26,TX
IND,GHCND:USW00093819,"INDIANAPOLIS INTERNATIONAL AIRPORT, IN US",2025-03-24,IN
MHT,GHCND:US1NHHL0082,"MANCHESTER 2.5 S, NH US",2022-03-16,NH
MHT,GHCND:US1NHHL0096,"MANCHESTER 0.6 S, NH US",2025-03-26,NH
MHT,GHCND:USW00014710,"MANCHESTER AIRPORT, NH US",2025-03-25,NH
SFO,GHCND:USW00023234,"SAN FRANCISCO INTERNATIONAL AIRPORT, CA US",2025-03-25,CA
PRC,GHCND:US1AZYV0001,"PRESCOTT VALLEY 1.1 ESE, AZ US",2025-03-17,AZ
PRC,GHCND:US1AZYV0022,"PRESCOTT 4.4 ENE, AZ US",2025-03-06,AZ
PRC,GHCND:US1AZYV0028,"PRESCOTT 3.9 NW, AZ US",2022-01-01,AZ
BOS,GHCND:US1MASF0001,"BOSTON 0.5 WSW, MA US",2022-11-14,MA
BOS,GHCND:US1MASF0031,"BOSTON 6.5 SW, MA US",2025-03-26,MA
BOS,GHCND:US1MASF0038,"BOSTON 3.1 SW, MA US",2025-03-26,MA
LAX,GHCND:USW00023174,"LOS ANGELES INTERNATIONAL AIRPORT, CA US",2025-03-25,CA
SMF,GHCND:US1CASA0002,"SACRAMENTO 8.0 NE, CA US",2025-03-26,CA
SMF,GHCND:US1CASA0012,"SACRAMENTO 2.0 SE, CA US",2025-03-25,CA
SMF,GHCND:US1CASA0057,"SACRAMENTO 5.2 E, CA US",2022-04-21,CA
DTW,GHCND:US1MIWY0038,"DETROIT 4.4 S, MI US",2025-03-17,MI
DTW,GHCND:US1MIWY0148,"DETROIT 7.9 E, MI US",2025-03-19,MI
DTW,GHCND:US1MIWY0160,"DETROIT 1.7 ESE, MI US",2025-03-25,MI
SAT,GHCND:USW00012921,"SAN ANTONIO INTERNATIONAL AIRPORT, TX US",2025-03-25,TX
MSY,GHCND:US1LAOR0003,"NEW ORLEANS 3.6 SW, LA US",2023-12-11,LA
MSY,GHCND:US1LAOR0006,"NEW ORLEANS 2.1 ENE, LA US",2023-11-16,LA
MSY,GHCND:US1LAOR0009,"NEW ORLEANS 5.0 N, LA US",2024-05-16,LA
CMH,GHCND:US1OHFR0034,"COLUMBUS 3.6 NW, OH US",2025-03-25,OH
CMH,GHCND:US1OHFR0046,"COLUMBUS 8.2 NE, OH US",2025-03-21,OH
CMH,GHCND:US1OHFR0051,"COLUMBUS 3.7 NW, OH US",2025-03-26,OH
STL,GHCND:USW00013994,"ST LOUIS LAMBERT INTERNATIONAL AIRPORT, MO US",2025-03-25,MO
SJU,GHCND:RQ1PRSJ0015,"SAN JUAN 2.4 WSW, US",2025-03-25,PR
SJU,GHCND:RQ1PRSJ0017,"SAN JUAN 0.4 ESE, US",2025-03-26,PR
SJU,GHCND:RQ1PRSJ0018,"SAN JUAN 7.1 S, US",2025-03-26,PR
PHX,GHCND:US1AZMR0034,"PHOENIX 5.6 SW, AZ US",2025-03-15,AZ
PHX,GHCND:US1AZMR0057,"PHOENIX 7.4 NE, AZ US",2025-03-26,AZ
PHX,GHCND:US1AZMR0078,"PHOENIX 15.3 NE, AZ US",2025-03-15,AZ
TPA,GHCND:USW00012842,"TAMPA INTERNATIONAL AIRPORT, FL US",2025-03-25,FL
LGA,GHCND:USW00014732,"LAGUARDIA AIRPORT, NY US",2025-03-25,NY
PHL,GHCND:USW00013739,"PHILADELPHIA INTERNATIONAL AIRPORT, PA US",2025-03-25,PA
GRK,GHCND:USW00003902,"ROBERT GRAY ARMY AIR FIELD, TX US",2025-03-25,TX
ILM,GHCND:USW00013748,"WILMINGTON INTERNATIONAL AIRPORT, NC US",2025-03-25,NC
JLN,GHCND:USW00013987,"JOPLIN REGIONAL AIRPORT, MO US",2025-03-25,MO
MKE,GHCND:US1WIMW0014,"MILWAUKEE 3.6 NNW, WI US",2025-03-26,WI
MKE,GHCND:US1WIMW0071,"SOUTH MILWAUKEE 0.9 N, WI US",2023-10-27,WI
MKE,GHCND:US1WIMW0082,"MILWAUKEE 2.4 WNW, WI US",2025-03-26,WI
BIL,GHCND:US1MTYS0011,"BILLINGS 7.4 SW, MT US",2022-10-28,MT
BIL,GHCND:US1MTYS0013,"BILLINGS 5.1 S, MT US",2023-07-19,MT
BIL,GHCND:US1MTYS0014,"BILLINGS 4.5 NE, MT US",2025-03-26,MT
BLI,GHCND:USW00024217,"BELLINGHAM INTERNATIONAL AIRPORT, WA US",2025-03-25,WA
CHS,GHCND:US1SCBK0061,"CHARLESTON 6.6 NE, SC US",2025-03-26,SC
CHS,GHCND:US1SCBK0079,"CHARLESTON 9.1 NE, SC US",2025-03-26,SC
CHS,GHCND:US1SCBK0097,"CHARLESTON 10.0 NE, SC US",2025-03-21,SC
RIC,GHCND:USW00013740,"RICHMOND INTERNATIONAL AIRPORT, VA US",2025-03-25,VA
GSO,GHCND:USW00013723,"GREENSBORO PIEDMONT TRIAD INTERNATIONAL AIRPORT, NC US",2025-03-25,NC
MCI,GHCND:USW00003947,"KANSAS CITY INTERNATIONAL AIRPORT, MO US",2025-03-25,MO
EWR,GHCND:USW00014734,"NEWARK LIBERTY INTERNATIONAL AIRPORT, NJ US",2025-03-25,NJ
ELP,GHCND:USW00023044,"EL PASO INTERNATIONAL AIRPORT, TX US",2025-03-25,TX
SDF,GHCND:US1KYJF0040,"LOUISVILLE 11.0 ENE SPRINGHURST, KY US",2025-03-26,KY
SDF,GHCND:US1KYJF0069,"LOUISVILLE 8.3 ESE, KY US",2025-03-26,KY
SDF,GHCND:US1KYJF0087,"LOUISVILLE 6.0 E, KY US",2025-03-26,KY
SAN,GHCND:USW00023188,"SAN DIEGO INTERNATIONAL AIRPORT, CA US",2025-03-25,CA
BHM,GHCND:USC00010830,"BIRMINGHAM AIRPORT AA, AL US",2024-12-31,AL
BHM,GHCND:USW00013876,"BIRMINGHAM AIRPORT, AL US",2025-03-25,AL
ASE,GHCND:US1COJF0407,"ASPEN PARK 2.8 NNE, CO US",2025-03-26,CO
ASE,GHCND:US1COJF0547,"ASPEN PARK 1.9 ENE, CO US",2024-11-27,CO
ASE,GHCND:USC00050372,"ASPEN 1 SW, CO US",2025-02-28,CO
HNL,GHCND:US1HIHN0010,"HONOLULU 2.7 SSE, HI US",2025-03-25,HI
HNL,GHCND:US1HIHN0023,"HONOLULU 2.0 SW, HI US",2025-03-25,HI
HNL,GHCND:US1HIHN0035,"HONOLULU 0.5 SSE, HI US",2025-03-24,HI
BUF,GHCND:US1NYER0024,"BUFFALO 1.3 NW, NY US",2025-03-25,NY
BUF,GHCND:US1NYER0093,"BUFFALO 1.5 W, NY US",2024-09-12,NY
BUF,GHCND:US1NYER0196,"BUFFALO 1.2 WNW, NY US",2022-11-20,NY
TUS,GHCND:USW00023160,"TUCSON INTERNATIONAL AIRPORT, AZ US",2025-03-25,AZ
SYR,GHCND:USW00014771,"SYRACUSE HANCOCK INTERNATIONAL AIRPORT, NY US",2025-03-25,NY
MSN,GHCND:US1WIDA0013,"MADISON 3.7 WSW, WI US",2025-03-26,WI
MSN,GHCND:US1WIDA0027,"MADISON 4.3 WSW, WI US",2024-06-13,WI
MSN,GHCND:US1WIDA0029,"MADISON 4.8 NNW, WI US",2025-03-26,WI
FAT,GHCND:US1CAFR0014,"FRESNO 2.4 NW, CA US",2025-03-18,CA
FAT,GHCND:US1CAFR0026,"FRESNO 7.2 NNE, CA US",2025-03-22,CA
FAT,GHCND:US1CAFR0033,"FRESNO 2.4 S, CA US",2025-03-18,CA
FWA,GHCND:USW00014827,"FORT WAYNE INTERNATIONAL AIRPORT, IN US",2025-03-25,IN
LAN,GHCND:US1MIET0017,"LANSING 3.3 WNW, MI US",2024-08-03,MI
LAN,GHCND:US1MIET0018,"LANSING 4.7 NW, MI US",2025-03-21,MI
LAN,GHCND:US1MIIH0006,"LANSING 2.6 NE, MI US",2024-11-10,MI
ABI,GHCND:USW00013962,"ABILENE REGIONAL AIRPORT, TX US",2025-03-25,TX
ICT,GHCND:US1KSSG0010,"WICHITA 3 E, KS US",2025-03-24,KS
ICT,GHCND:US1KSSG0019,"WICHITA 2.7 ESE, KS US",2023-08-24,KS
ICT,GHCND:US1KSSG0020,"WICHITA 8.0 W, KS US",2025-03-26,KS
IAD,GHCND:US1DCDC0009,"WASHINGTON 2.0 SSW, DC US",2025-01-02,DC
IAD,GHCND:US1DCDC0014,"WASHINGTON 5.1 NW, DC US",2025-03-25,DC
IAD,GHCND:US1DCDC0026,"WASHINGTON 2.6 NE, DC US",2025-03-25,DC
OAK,GHCND:US1CAAL0006,"OAKLAND 4.4 NNW, CA US",2025-03-18,CA
OAK,GHCND:US1CAAL0030,"OAKLAND 1.2 ENE, CA US",2025-03-26,CA
OAK,GHCND:US1CAAL0052,"OAKLAND 1.7 NNW, CA US",2025-03-26,CA
EUG,GHCND:USW00024221,"EUGENE MAHLON SWEET FIELD, OR US",2025-03-25,OR
MIA,GHCND:USW00012839,"MIAMI INTERNATIONAL AIRPORT, FL US",2025-03-25,FL
CHA,GHCND:US1TNHL0031,"CHATTANOOGA 5.1 ENE, TN US",2025-03-26,TN
CHA,GHCND:US1TNHL0044,"CHATTANOOGA 8.5 ESE, TN US",2022-05-12,TN
CHA,GHCND:US1TNHL0053,"CHATTANOOGA 1.5 NE, TN US",2023-03-25,TN
BTV,GHCND:US1VTCH0047,"SOUTH BURLINGTON 2.6 SSW, VT US",2025-03-26,VT
BTV,GHCND:US1VTCH0066,"BURLINGTON 3.8 NW, VT US",2025-03-25,VT
BTV,GHCND:US1VTCH0073,"BURLINGTON 0.2 SSE, VT US",2025-03-25,VT
RSW,GHCND:US1FLLE0037,"FORT MYERS 0.8 N, FL US",2025-03-26,FL
RSW,GHCND:US1FLLE0055,"FORT MYERS 2.3 SW, FL US",2025-03-26,FL
RSW,GHCND:US1FLLE0072,"FORT MYERS 1.7 WNW, FL US",2025-03-26,FL
PDX,GHCND:USW00024229,"PORTLAND INTERNATIONAL AIRPORT, OR US",2025-03-25,OR
SNA,GHCND:US1CAOR0042,"SANTA ANA 2.0 N, CA US",2025-03-26,CA
SNA,GHCND:US1CAOR0105,"SANTA ANA 2.3 N, CA US",2025-03-26,CA
SNA,GHCND:USC00047888,"SANTA ANA FIRE STATION, CA US",2025-02-28,CA
PIT,GHCND:USW00094823,"PITTSBURGH INTERNATIONAL AIRPORT, PA US",2025-03-24,PA
OGG,GHCND:USW00022516,"KAHULUI AIRPORT, HI US",2025-03-25,HI
HRL,GHCND:USW00012904,"HARLINGEN RIO GRANDE VALLEY INTERNATIONAL AIRPORT, TX US",2025-03-25,TX
BIS,GHCND:USW00024011,"BISMARCK MUNICIPAL AIRPORT, ND US",2025-03-25,ND
SHR,GHCND:US1WYSH0001,"SHERIDAN 1.0 N, WY US",2025-03-23,WY
SHR,GHCND:US1WYSH0004,"SHERIDAN 1.6 SSE, WY US",2023-06-12,WY
SHR,GHCND:US1WYSH0014,"SHERIDAN 1.7 NW, WY US",2025-03-26,WY
BOI,GHCND:US1IDAD0002,"BOISE 5.3 NW, ID US",2025-03-25,ID
BOI,GHCND:US1IDAD0005,"BOISE 4.4 WNW, ID US",2025-03-25,ID
BOI,GHCND:US1IDAD0009,"BOISE 2.1 NNE, ID US",2025-03-26,ID
RNO,GHCND:US1NVWH0002,"RENO 1.4 NNE, NV US",2025-03-26,NV
RNO,GHCND:US1NVWH0011,"RENO 2.4 SSW, NV US",2025-03-26,NV
RNO,GHCND:US1NVWH0019,"RENO 9.0 W, NV US",2025-03-26,NV
SBP,GHCND:US1CASL0018,"SAN LUIS OBISPO 2.2 NNW, CA US",2025-03-17,CA
SBP,GHCND:USC00047851,"SAN LUIS OBISPO POLY, CA US",2025-02-28,CA
SBP,GHCND:USW00093206,"SAN LUIS OBISPO MCCHESNEY FIELD, CA US",2025-03-24,CA
GSP,GHCND:US1SCGV0019,"GREER 3.8 SW, SC US",2025-03-26,SC
GSP,GHCND:US1SCGV0135,"GREER 1.6 SW, SC US",2025-03-16,SC
GSP,GHCND:US1SCGV0148,"GREER 3.8 SSW, SC US",2025-02-01,SC
MLB,GHCND:US1FLBV0006,"MELBOURNE 1.1 N, FL US",2025-03-26,FL
MLB,GHCND:US1FLBV0011,"MELBOURNE BEACH 3.9 SSE, FL US",2025-03-25,FL
MLB,GHCND:US1FLBV0050,"MELBOURNE 4.7 N, FL US",2025-03-26,FL
GRB,GHCND:US1WIBN0014,"GREEN BAY 3.8 SSE, WI US",2025-03-26,WI
GRB,GHCND:US1WIBN0029,"GREEN BAY 7.1 WNW, WI US",2024-11-15,WI
GRB,GHCND:US1WIBN0031,"GREEN BAY 4.1 WSW, WI US",2025-03-24,WI
CRW,GHCND:USW00013866,"CHARLESTON WEST VIRGINIA INTERNATIONAL YEAGER AIRPORT, WV US",2025-03-25,WV
LGB,GHCND:US1CALA0038,"LONG BEACH 1.1 SE, CA US",2025-03-15,CA
LGB,GHCND:USW00023129,"LONG BEACH DAUGHERTY AIRPORT, CA US",2025-03-25,CA
OKC,GHCND:USW00013967,"OKLAHOMA CITY WILL ROGERS WORLD AIRPORT, OK US",2025-03-25,OK
PVD,GHCND:US1RIPR0060,"NORTH PROVIDENCE 0.9 E, RI US",2022-11-16,RI
PVD,GHCND:US1RIPR0067,"PROVIDENCE 1.6 NE, RI US",2025-03-25,RI
PVD,GHCND:US1RIPR0082,"PROVIDENCE 1.6 NNW, RI US",2025-03-26,RI
YAK,GHCND:USW00025339,"YAKUTAT AIRPORT, AK US",2025-03-25,AK
FSD,GHCND:US1SDLN0001,"SIOUX FALLS 6 SW, SD US",2024-10-31,SD
FSD,GHCND:US1SDLN0008,"SIOUX FALLS 4.2 S, SD US",2024-08-30,SD
FSD,GHCND:US1SDLN0020,"SIOUX FALLS 4.5 SSW, SD US",2025-03-15,SD
HYS,GHCND:US1KSEL0001,"HAYS 2.7 ENE, KS US",2025-03-23,KS
HYS,GHCND:US1KSEL0002,"HAYS 7.1 SW, KS US",2025-03-25,KS
HYS,GHCND:US1KSEL0006,"HAYS 1.7 NW, KS US",2025-03-25,KS
VPS,GHCND:US1FLOK0042,"VALPARAISO 1.4 N, FL US",2025-03-26,FL
ROC,GHCND:US1NYMR0016,"ROCHESTER 6.6 E, NY US",2022-04-12,NY
ROC,GHCND:US1NYMR0020,"ROCHESTER 5.8 ESE, NY US",2024-11-23,NY
ROC,GHCND:US1NYMR0023,"ROCHESTER 5.0 WNW, NY US",2025-03-26,NY
SAV,GHCND:US1GACT0003,"SAVANNAH 3.9 SSW, GA US",2023-11-18,GA
SAV,GHCND:US1GACT0036,"SAVANNAH 5.9 SSW, GA US",2025-03-25,GA
SAV,GHCND:US1GACT0038,"SAVANNAH 4.5 SSW, GA US",2022-07-06,GA
CLE,GHCND:US1OHCY0047,"CLEVELAND 9.2 NE, OH US",2025-03-26,OH
CLE,GHCND:USW00004853,"CLEVELAND BURKE LAKEFRONT AIRPORT, OH US",2025-03-25,OH
CLE,GHCND:USW00014820,"CLEVELAND HOPKINS INTERNATIONAL AIRPORT, OH US",2025-03-25,OH
RDD,GHCND:US1CASH0010,"REDDING 7.9 NNE, CA US",2025-03-26,CA
RDD,GHCND:US1CASH0011,"REDDING 3.7 N, CA US",2025-03-17,CA
RDD,GHCND:US1CASH0018,"REDDING 3.6 N, CA US",2025-03-24,CA
ANC,GHCND:US1AKAB0015,"ANCHORAGE 5.0 ESE, AK US",2023-07-20,AK
ANC,GHCND:US1AKAB0051,"ANCHORAGE 4.5 E, AK US",2025-03-18,AK
ANC,GHCND:US1AKAB0052,"ANCHORAGE 4.7 SSW, AK US",2025-03-26,AK
DVL,GHCND:USC00322148,"DEVILS LAKE MUNICIPAL AIRPORT, ND US",2025-03-25,ND
DVL,GHCND:USR0000NDEV,"DEVILS LAKE NORTH DAKOTA, ND US",2025-03-26,ND
SWO,GHCND:USW00003965,"STILLWATER REGIONAL AIRPORT, OK US",2025-03-25,OK
BUR,GHCND:USC00041194,"BURBANK VALLEY PUMP PLANT, CA US",2025-03-26,CA
BUR,GHCND:USW00023152,"BURBANK GLENDALE PASADENA AIRPORT, CA US",2025-03-25,CA
PIR,GHCND:USW00024025,"PIERRE REGIONAL AIRPORT, SD US",2025-03-25,SD
HOU,GHCND:USW00012918,"HOUSTON WILLIAM P HOBBY AIRPORT, TX US",2025-03-25,TX
PBI,GHCND:USW00012844,"WEST PALM BEACH INTERNATIONAL AIRPORT, FL US",2025-03-25,FL
MLI,GHCND:US1ILRI0013,"MOLINE 0.7 NNE, IL US",2025-03-25,IL
MLI,GHCND:USW00014923,"MOLINE QUAD CITY INTERNATIONAL AIRPORT, IL US",2025-03-25,IL
AZA,GHCND:US1AZMR0034,"PHOENIX 5.6 SW, AZ US",2025-03-15,AZ
AZA,GHCND:US1AZMR0057,"PHOENIX 7.4 NE, AZ US",2025-03-26,AZ
AZA,GHCND:US1AZMR0078,"PHOENIX 15.3 NE, AZ US",2025-03-15,AZ
MKG,GHCND:US1MIMG0013,"MUSKEGON 3.5 SSE, MI US",2024-10-22,MI
MKG,GHCND:US1MIMG0019,"NORTH MUSKEGON 2.4 NW, MI US",2024-11-19,MI
MKG,GHCND:US1MIMG0026,"MUSKEGON 2.3 SSW, MI US",2024-11-19,MI
PNS,GHCND:US1FLES0024,"PENSACOLA 18.9 WSW, FL US",2025-03-25,FL
PNS,GHCND:US1FLES0026,"PENSACOLA 1.9 NE, FL US",2022-11-01,FL
PNS,GHCND:US1FLES0035,"PENSACOLA 13.5 WNW, FL US",2024-10-18,FL
MYR,GHCND:US1SCHR0020,"MYRTLE BEACH 5.0 NNW, SC US",2024-03-08,SC
MYR,GHCND:US1SCHR0027,"MYRTLE BEACH 8.4 WNW, SC US",2024-08-09,SC
MYR,GHCND:US1SCHR0046,"MYRTLE BEACH 5.0 WNW, SC US",2025-03-15,SC
GTF,GHCND:US1MTCC0016,"GREAT FALLS 6.2 S, MT US",2025-02-18,MT
GTF,GHCND:US1MTCC0018,"GREAT FALLS 6.7 S, MT US",2023-12-07,MT
GTF,GHCND:US1MTCC0020,"GREAT FALLS 1.9 WNW, MT US",2025-02-04,MT
LSE,GHCND:USW00014920,"LA CROSSE REGIONAL AIRPORT, WI US",2025-03-25,WI
ORF,GHCND:USW00013737,"NORFOLK INTERNATIONAL AIRPORT, VA US",2025-03-25,VA
KOA,GHCND:USC00514765,"KONA VILLAGE 93.8, HI US",2023-05-31,HI
KOA,GHCND:USC00518652,"SOUTH KONA 2 2.32, HI US",2024-12-31,HI
KOA,GHCND:USW00021510,"KAILUA KONA KE AHOLE AIRPORT, HI US",2025-03-25,HI
MQT,GHCND:US1MIMQ0013,"MARQUETTE 1.5 SSW, MI US",2024-11-20,MI
MQT,GHCND:US1MIMQ0016,"MARQUETTE 0.4 ESE, MI US",2024-12-29,MI
MQT,GHCND:US1MIMQ0018,"MARQUETTE 0.7 SSW, MI US",2024-09-10,MI
COS,GHCND:US1COEP0037,"COLORADO SPRINGS 5.7 WNW, CO US",2025-03-26,CO
COS,GHCND:US1COEP0060,"COLORADO SPRINGS 1.2 ENE, CO US",2025-03-19,CO
COS,GHCND:US1COEP0064,"COLORADO SPRINGS 2.1 NW, CO US",2025-03-26,CO
CVG,GHCND:US1OHHM0013,"CINCINNATI 8.9 NW, OH US",2025-03-26,OH
CVG,GHCND:US1OHHM0046,"CINCINNATI 6.7 W, OH US",2025-03-12,OH
CVG,GHCND:US1OHHM0056,"CINCINNATI 7.4 NNW, OH US",2025-03-26,OH
MOB,GHCND:USW00013894,"MOBILE REGIONAL AIRPORT, AL US",2025-03-25,AL
AVL,GHCND:USW00003812,"ASHEVILLE REGIONAL AIRPORT, NC US",2025-03-25,NC
BTR,GHCND:US1LAEB0014,"BATON ROUGE 3.5 E, LA US",2025-03-26,LA
BTR,GHCND:US1LAEB0027,"BATON ROUGE 2.5 E, LA US",2025-03-26,LA
BTR,GHCND:US1LAEB0053,"BATON ROUGE 3.0 SSE, LA US",2025-03-18,LA
JNU,GHCND:US1AKJB0011,"JUNEAU 5.6 NW, AK US",2025-03-26,AK
JNU,GHCND:US1AKJB0016,"JUNEAU 15.7 NW, AK US",2024-06-23,AK
JNU,GHCND:US1AKJB0017,"JUNEAU 23.3 W, AK US",2025-03-25,AK
CDC,GHCND:US1UTIR0005,"CEDAR CITY 4.4 SW, UT US",2025-03-26,UT
CDC,GHCND:US1UTIR0011,"CEDAR CITY 5.6 NW, UT US",2025-03-26,UT
CDC,GHCND:USC00421259,"CEDAR CITY, UT US",2025-03-25,UT
SPS,GHCND:US1TXAC0009,"WICHITA FALLS 4.6 SSW, TX US",2023-12-21,TX
SPS,GHCND:US1TXCLY009,"WICHITA FALLS 10.6 E, TX US",2025-03-25,TX
SPS,GHCND:US1TXWT0015,"WICHITA FALLS 7.2 WSW, TX US",2025-03-22,TX
ECP,GHCND:USW00073805,"NORTHWEST FLORIDA BEACHES INTERNATIONAL AIRPORT, FL US",2025-03-24,FL
JAX,GHCND:USW00013889,"JACKSONVILLE INTERNATIONAL AIRPORT, FL US",2025-03-25,FL
SBN,GHCND:US1INSJ0028,"SOUTH BEND 4.6 SE, IN US",2025-03-26,IN
SBN,GHCND:US1INSJ0047,"SOUTH BEND 5.9 W, IN US",2025-02-01,IN
SBN,GHCND:US1INSJ0073,"SOUTH BEND 2.2 NW, IN US",2024-11-28,IN
SBA,GHCND:USW00023190,"SANTA BARBARA MUNICIPAL AIRPORT, CA US",2025-03-25,CA
RAP,GHCND:USW00024090,"RAPID CITY REGIONAL AIRPORT, SD US",2025-03-25,SD
AMA,GHCND:US1TXPT0015,"AMARILLO 9.9 WNW, TX US",2025-03-11,TX
AMA,GHCND:US1TXPT0017,"AMARILLO 5.9 WSW, TX US",2025-03-26,TX
AMA,GHCND:US1TXPT0018,"AMARILLO 7.4 NNW, TX US",2023-04-09,TX
JMS,GHCND:US1NDSM0015,"JAMESTOWN 0.8 WSW, ND US",2025-03-24,ND
JMS,GHCND:US1NDSM0019,"JAMESTOWN 0.6 S, ND US",2025-02-27,ND
JMS,GHCND:USC00324418,"JAMESTOWN STATE HOSPITAL, ND US",2025-03-26,ND
SFB,GHCND:US1FLSM0004,"SANFORD 0.4 ENE, FL US",2025-03-20,FL
SFB,GHCND:US1FLSM0018,"SANFORD 1.9 WNW, FL US",2025-03-26,FL
SFB,GHCND:US1FLSM0047,"SANFORD 2.5 W, FL US",2025-03-25,FL
ABQ,GHCND:US1NMBR0002,"ALBUQUERQUE 3.3 WNW, NM US",2025-03-26,NM
ABQ,GHCND:US1NMBR0007,"ALBUQUERQUE 7.1 SW, NM US",2022-02-22,NM
ABQ,GHCND:US1NMBR0008,"ALBUQUERQUE 7.8 ENE, NM US",2025-03-15,NM
ALB,GHCND:USW00014735,"ALBANY INTERNATIONAL AIRPORT, NY US",2025-03-25,NY
BGM,GHCND:US1NYBM0024,"BINGHAMTON 1.3 ENE, NY US",2025-03-26,NY
BGM,GHCND:US1NYBM0052,"BINGHAMTON 2.9 NNE, NY US",2025-03-26,NY
BGM,GHCND:US1NYBM0059,"BINGHAMTON 1.8 SSE, NY US",2025-03-19,NY
MGM,GHCND:US1ALMY0007,"MONTGOMERY 2.2 NE, AL US",2025-03-26,AL
MGM,GHCND:US1ALMY0011,"MONTGOMERY 12.9 S, AL US",2025-03-25,AL
MGM,GHCND:US1ALMY0014,"MONTGOMERY 8.8 E, AL US",2025-03-26,AL
MEM,GHCND:USW00013893,"MEMPHIS INTERNATIONAL AIRPORT, TN US",2025-03-25,TN
ONT,GHCND:USW00003102,"ONTARIO INTERNATIONAL AIRPORT, CA US",2025-03-25,CA
TVC,GHCND:USW00014850,"TRAVERSE CITY CHERRY CAPITAL AIRPORT, MI US",2025-03-25,MI
GEG,GHCND:USW00024157,"SPOKANE INTERNATIONAL AIRPORT, WA US",2025-03-25,WA
OMA,GHCND:USW00014942,"OMAHA EPPLEY AIRFIELD, NE US",2025-03-25,NE
ISP,GHCND:US1NYSF0074,"ISLIP TERRACE 0.5 W, NY US",2025-03-26,NY
ISP,GHCND:US1NYSF0110,"ISLIP TERRACE 1.1 NNE, NY US",2025-03-24,NY
ISP,GHCND:USW00004781,"ISLIP LI MACARTHUR AIRPORT, NY US",2025-03-25,NY
DLH,GHCND:USW00014913,"DULUTH INTERNATIONAL AIRPORT, MN US",2025-03-25,MN
PIE,GHCND:US1FLPN0004,"ST. PETERSBURG 6.5 WNW, FL US",2025-02-25,FL
PIE,GHCND:US1FLPN0009,"ST. PETERSBURG 2.3 SSE, FL US",2025-03-26,FL
PIE,GHCND:US1FLPN0034,"ST. PETERSBURG 3.2 NNW, FL US",2025-03-24,FL
PSP,GHCND:US1CARV0077,"PALM SPRINGS 3.1 N, CA US",2025-03-26,CA
PSP,GHCND:US1CARV0086,"PALM SPRINGS 1.2 NW, CA US",2024-04-01,CA
PSP,GHCND:USC00046635,"PALM SPRINGS, CA US",2025-01-31,CA
ACY,GHCND:USW00093730,"ATLANTIC CITY INTERNATIONAL AIRPORT, NJ US",2025-03-24,NJ
BJI,GHCND:US1MNBM0010,"BEMIDJI 3.5 WSW, MN US",2024-10-23,MN
BJI,GHCND:US1MNBM0011,"BEMIDJI 4.8 NNE, MN US",2025-03-25,MN
BJI,GHCND:US1MNBM0015,"BEMIDJI 7.8 ENE, MN US",2025-03-25,MN
LBB,GHCND:US1TXLK0003,"LUBBOCK 4.7 WNW, TX US",2025-03-22,TX
LBB,GHCND:US1TXLK0007,"LUBBOCK 6.7 SW, TX US",2025-03-05,TX
LBB,GHCND:US1TXLK0008,"LUBBOCK 0.7 SE, TX US",2024-07-08,TX
SHV,GHCND:US1LACD0001,"SHREVEPORT 6.2 S, LA US",2025-03-23,LA
SHV,GHCND:US1LACD0004,"SHREVEPORT 6.3 S, LA US",2025-03-26,LA
SHV,GHCND:US1LACD0019,"SHREVEPORT 6.7 S, LA US",2023-05-16,LA
TTN,GHCND:USW00014792,"TRENTON MERCER AIRPORT, NJ US",2025-03-25,NJ
PIA,GHCND:US1ILPR0008,"PEORIA 3.4 WNW, IL US",2025-03-26,IL
PIA,GHCND:US1ILWF0028,"EAST PEORIA 6.9 NNE, IL US",2025-03-25,IL
PIA,GHCND:USC00116710,"PEORIA 5 NW, IL US",2025-03-26,IL
GNV,GHCND:USW00012816,"GAINESVILLE REGIONAL AIRPORT, FL US",2025-03-25,FL
PWM,GHCND:US1MECM0008,"PORTLAND 5.1 NW, ME US",2024-01-10,ME
PWM,GHCND:US1MECM0018,"PORTLAND 5.5 WNW, ME US",2025-03-26,ME
PWM,GHCND:US1MECM0128,"SOUTH PORTLAND 1.6 S, ME US",2025-03-26,ME
BZN,GHCND:US1MTGN0011,"BOZEMAN 1.5 SSE, MT US",2025-03-26,MT
BZN,GHCND:US1MTGN0012,"BOZEMAN 4.4 SSE, MT US",2025-03-23,MT
BZN,GHCND:US1MTGN0025,"BOZEMAN 1.5 WNW, MT US",2025-02-11,MT
BRW,GHCND:USC00500547,"BARROW ERL, AK US",2025-03-26,AK
BRW,GHCND:USW00027502,"BARROW AIRPORT, AK US",2025-03-25,AK
BRW,GHCND:USW00027516,"UTQIA VIK FORMERLY BARROW 4 ENE, AK US",2025-03-23,AK
MFR,GHCND:US1ORJC0054,"MEDFORD 1.3 NE, OR US",2025-03-22,OR
MFR,GHCND:US1ORJC0060,"MEDFORD 6.6 SSW, OR US",2025-03-26,OR
MFR,GHCND:US1ORJC0075,"MEDFORD 0.5 SSE, OR US",2025-03-22,OR
ATW,GHCND:US1WIOG0007,"APPLETON 1.3 N, WI US",2022-11-21,WI
ATW,GHCND:US1WIOG0015,"APPLETON 0.9 W, WI US",2024-12-05,WI
ATW,GHCND:US1WIOG0030,"APPLETON 2.5 NW, WI US",2024-11-26,WI
DSM,GHCND:USW00014933,"DES MOINES INTERNATIONAL AIRPORT, IA US",2025-03-25,IA
SGU,GHCND:US1UTWG0015,"ST. GEORGE 11.9 N, UT US",2025-03-26,UT
SGU,GHCND:US1UTWG0017,"ST. GEORGE 4.1 SSW, UT US",2024-05-02,UT
SGU,GHCND:USC00427516,"ST. GEORGE, UT US",2025-03-26,UT
OTZ,GHCND:USW00026616,"KOTZEBUE AIRPORT, AK US",2025-03-25,AK
BGR,GHCND:USW00014606,"BANGOR INTERNATIONAL AIRPORT, ME US",2025-03-25,ME
XNA,GHCND:US1ARWS0004,"FAYETTEVILLE 1.0 E, AR US",2025-01-30,AR
XNA,GHCND:US1ARWS0029,"FAYETTEVILLE 5.2 NNE, AR US",2025-03-25,AR
XNA,GHCND:US1ARWS0043,"FAYETTEVILLE 3.9 W, AR US",2023-01-12,AR
CAE,GHCND:US1SCLX0041,"COLUMBIA 8.2 NW, SC US",2022-03-18,SC
CAE,GHCND:US1SCLX0063,"COLUMBIA 9.6 WNW, SC US",2025-03-25,SC
CAE,GHCND:US1SCLX0098,"WEST COLUMBIA 5.9 WSW, SC US",2025-03-26,SC
SGF,GHCND:US1MOGR0027,"SPRINGFIELD 0.7 ENE, MO US",2025-03-26,MO
SGF,GHCND:US1MOGR0047,"SPRINGFIELD 4.8 WSW, MO US",2025-01-20,MO
SGF,GHCND:US1MOGR0049,"SPRINGFIELD 5.5 SSW, MO US",2025-02-23,MO
PGD,GHCND:US1FLCH0017,"PUNTA GORDA 1.6 NNW, FL US",2024-03-31,FL
PGD,GHCND:US1FLCH0019,"PUNTA GORDA 1.4 NNW, FL US",2025-03-26,FL
PGD,GHCND:US1FLCH0023,"PUNTA GORDA 1.6 NNW, FL US",2025-03-26,FL
VLD,GHCND:USW00093845,"VALDOSTA REGIONAL AIRPORT, GA US",2025-03-24,GA
CPR,GHCND:US1WYNT0004,"CASPER 10.9 WSW, WY US",2023-05-19,WY
CPR,GHCND:US1WYNT0019,"CASPER 4.8 E, WY US",2024-05-23,WY
CPR,GHCND:US1WYNT0024,"CASPER 4.3 WSW, WY US",2022-05-31,WY
LIH,GHCND:US1HIKI0002,"LIHUE 1.2 NNW, HI US",2025-03-25,HI
LIH,GHCND:US1HIKI0009,"LIHUE 1.3 NE, HI US",2025-03-25,HI
LIH,GHCND:USW00022536,"LIHUE WEATHER SERVICE OFFICE AIRPORT 1020.1, HI US",2025-03-25,HI
ACT,GHCND:USW00013959,"WACO REGIONAL AIRPORT, TX US",2025-03-25,TX
ABE,GHCND:USW00014737,"ALLENTOWN LEHIGH VALLEY INTERNATIONAL AIRPORT, PA US",2025-03-25,PA
EGE,GHCND:US1COEP0061,"GLENEAGLE 0.4 WNW, CO US",2025-03-26,CO
EGE,GHCND:US1COEP0429,"GLENEAGLE 4.5 SE, CO US",2025-03-26,CO
EGE,GHCND:US1COEP0439,"GLENEAGLE 3.3 SE, CO US",2025-03-19,CO
CRP,GHCND:USW00012924,"CORPUS CHRISTI INTERNATIONAL AIRPORT, TX US",2025-03-25,TX
FNT,GHCND:USC00202851,"FLINT 7 W, MI US",2025-03-23,MI
FNT,GHCND:USW00014826,"FLINT FCWOS, MI US",2025-03-25,MI
WRG,GHCND:USC00509919,"WRANGELL AIRPORT, AK US",2025-03-24,AK
FCA,GHCND:US1MTFH0002,"KALISPELL 10.1 SW, MT US",2025-03-26,MT
FCA,GHCND:US1MTFH0013,"KALISPELL 1.7 NW, MT US",2025-03-24,MT
FCA,GHCND:US1MTFH0029,"KALISPELL 2.6 NE, MT US",2025-03-26,MT
CHO,GHCND:US1VAAB0010,"CHARLOTTESVILLE 8.4 W, VA US",2025-02-01,VA
CHO,GHCND:US1VAAB0018,"CHARLOTTESVILLE 6.8 NNE, VA US",2025-03-26,VA
CHO,GHCND:US1VAAB0019,"CHARLOTTESVILLE 1.0 SE, VA US",2022-01-02,VA
MRY,GHCND:US1CAMT0058,"MONTEREY 1.4 W, CA US",2025-03-26,CA
MRY,GHCND:USC00045795,"MONTEREY, CA US",2025-03-25,CA
MRY,GHCND:USW00023259,"MONTEREY PENINSUL AIRPORT, CA US",2025-03-25,CA
SCE,GHCND:US1PACN0003,"STATE COLLEGE 2.4 ENE, PA US",2025-03-26,PA
SCE,GHCND:US1PACN0005,"STATE COLLEGE 2.6 NW, PA US",2025-03-26,PA
SCE,GHCND:US1PACN0038,"STATE COLLEGE 0.4 SE, PA US",2025-03-17,PA
AEX,GHCND:USW00093915,"ALEXANDRIA INTERNATIONAL AIRPORT, LA US",2025-03-24,LA
MCW,GHCND:USW00014940,"MASON CITY MUNICIPAL AIRPORT, IA US",2025-03-25,IA
RST,GHCND:USW00014925,"ROCHESTER INTERNATIONAL AIRPORT, MN US",2025-03-25,MN
SIT,GHCND:USC00508505,"SITKA WATER TREATMENT PLANT, AK US",2025-01-31,AK
SIT,GHCND:USW00025333,"SITKA AIRPORT, AK US",2025-03-25,AK
SIT,GHCND:USW00025379,"SITKA 1 NE, AK US",2025-03-25,AK
GCC,GHCND:US1WYCM0005,"GILLETTE 16 N, WY US",2024-11-01,WY
GCC,GHCND:US1WYCM0006,"GILLETTE 0.6 NE, WY US",2023-09-15,WY
GCC,GHCND:US1WYCM0008,"GILLETTE 9.7 ENE, WY US",2023-09-15,WY
LFT,GHCND:US1LALY0009,"LAFAYETTE 5.3 SSW, LA US",2025-03-26,LA
LFT,GHCND:US1LALY0010,"LAFAYETTE 2.9 ENE, LA US",2025-03-24,LA
LFT,GHCND:US1LALY0011,"LAFAYETTE 1.4 WSW, LA US",2025-03-26,LA
ITO,GHCND:USW00021504,"HILO INTERNATIONAL AIRPORT 87, HI US",2025-03-25,HI
ABY,GHCND:US1GADH0008,"ALBANY 5.8 W, GA US",2025-01-07,GA
ABY,GHCND:US1GADH0010,"ALBANY 7.3 W, GA US",2025-03-25,GA
ABY,GHCND:US1GADH0011,"ALBANY 3.3 NE, GA US",2023-02-15,GA
GRI,GHCND:US10hall001,"GRAND ISLAND 1.8 W, NE US",2025-03-23,NE
GRI,GHCND:US10hall002,"GRAND ISLAND 2.3 W, NE US",2025-03-23,NE
GRI,GHCND:US10hall007,"GRAND ISLAND 6.7 NNE, NE US",2025-03-24,NE
APN,GHCND:US1MIAP0001,"ALPENA 1.6 SSW, MI US",2025-03-26,MI
APN,GHCND:USW00014814,"ALPENA WASTEWATER PLANT, MI US",2025-01-31,MI
APN,GHCND:USW00094849,"ALPENA CO REGIONAL AIRPORT, MI US",2025-03-24,MI
TLH,GHCND:US1FLLN0004,"TALLAHASSEE 5.7 SE, FL US",2024-09-15,FL
TLH,GHCND:US1FLLN0010,"TALLAHASSEE 1.3 SW, FL US",2025-03-26,FL
TLH,GHCND:US1FLLN0011,"TALLAHASSEE 8.0 N, FL US",2025-03-25,FL
FSM,GHCND:USW00013964,"FORT SMITH REGIONAL AIRPORT, AR US",2025-03-25,AR
ALO,GHCND:US1IABH0006,"WATERLOO 1.9 SSE, IA US",2025-03-26,IA
ALO,GHCND:US1IABH0026,"WATERLOO 6.7 E, IA US",2025-03-26,IA
ALO,GHCND:US1IABH0030,"WATERLOO 2.0 SSE, IA US",2023-04-28,IA
FAY,GHCND:US1NCCM0001,"FAYETTEVILLE 2.4 S, NC US",2025-03-25,NC
FAY,GHCND:US1NCCM0003,"FAYETTEVILLE 3.2 SSW, NC US",2025-03-17,NC
FAY,GHCND:US1NCCM0005,"FAYETTEVILLE 4.4 SW, NC US",2024-11-25,NC
GJT,GHCND:US1COME0003,"GRAND JUNCTION 8 NNW, CO US",2024-12-29,CO
GJT,GHCND:US1COME0049,"GRAND JUNCTION 1.0 ESE, CO US",2022-08-02,CO
GJT,GHCND:US1COME0064,"GRAND JUNCTION 5.5 SW, CO US",2025-03-25,CO
IAG,GHCND:USW00004724,"NIAGARA FALLS INTERNATIONAL AIRPORT, NY US",2025-03-24,NY
FLG,GHCND:US1AZCN0014,"FLAGSTAFF 3.4 NE, AZ US",2025-03-15,AZ
FLG,GHCND:US1AZCN0019,"FLAGSTAFF 3.5 E, AZ US",2025-03-26,AZ
FLG,GHCND:US1AZCN0021,"FLAGSTAFF 6.8 NW, AZ US",2022-12-30,AZ
LBE,GHCND:US1PAWT0071,"LATROBE 5.4 SW, PA US",2025-03-26,PA
LBE,GHCND:US1PAWT0079,"LATROBE 1.8 WSW, PA US",2025-03-26,PA
CAK,GHCND:US1OHSM0032,"AKRON 2.6 E, OH US",2024-11-30,OH
CAK,GHCND:US1OHSM0038,"AKRON 2.4 W, OH US",2022-05-10,OH
CAK,GHCND:USW00014813,"AKRON FULTON INTERNATIONAL AIRPORT, OH US",2025-03-25,OH
BFL,GHCND:US1CAKN0022,"BAKERSFIELD 6.1 WSW, CA US",2025-03-25,CA
BFL,GHCND:USC00040444,"BAKERSFIELD 5 NW, CA US",2025-03-25,CA
BFL,GHCND:USW00023155,"BAKERSFIELD AIRPORT, CA US",2025-03-25,CA
VEL,GHCND:US1UTUN0019,"VERNAL 1.5 SSW, UT US",2025-03-04,UT
VEL,GHCND:US1UTUN0020,"VERNAL 3.1 NW, UT US",2025-03-19,UT
VEL,GHCND:US1UTUN0021,"VERNAL 3.5 S, UT US",2025-03-22,UT
LIT,GHCND:US1ARPS0005,"LITTLE ROCK 2.2 N, AR US",2023-03-21,AR
LIT,GHCND:US1ARPS0011,"NORTH LITTLE ROCK 1.6 NNE, AR US",2024-12-29,AR
LIT,GHCND:US1ARPS0016,"NORTH LITTLE ROCK 1.2 E, AR US",2024-03-17,AR
STX,GHCND:VQ1VISC0008,"CHRISTIANSTED 1.8 ESE, US",2023-04-12,VI
STX,GHCND:VQ1VISC0009,"CHRISTIANSTED 4.1 ESE, US",2025-03-17,VI
STX,GHCND:VQ1VISC0010,"CHRISTIANSTED 1.6 E, US",2025-03-25,VI
TYS,GHCND:US1TNKX0005,"KNOXVILLE 5.5 W, TN US",2025-03-24,TN
TYS,GHCND:US1TNKX0034,"KNOXVILLE 5.7 NNW, TN US",2025-03-26,TN
TYS,GHCND:US1TNKX0053,"KNOXVILLE 10.6 WSW, TN US",2025-03-26,TN
EYW,GHCND:USW00012836,"KEY WEST INTERNATIONAL AIRPORT, FL US",2025-03-25,FL
KTN,GHCND:USC00504594,"KETCHIKAN 10 N, AK US",2025-03-25,AK
KTN,GHCND:USW00025325,"KETCHIKAN AIRPORT, AK US",2025-03-25,AK
EVV,GHCND:USW00093817,"EVANSVILLE REGIONAL AIRPORT, IN US",2025-03-24,IN
BRO,GHCND:US1TXCMR008,"BROWNSVILLE 6.4 SE, TX US",2025-01-09,TX
BRO,GHCND:US1TXCMR013,"BROWNSVILLE 2.2 W, TX US",2022-01-28,TX
BRO,GHCND:US1TXCMR016,"BROWNSVILLE 3.5 N, TX US",2025-02-22,TX
GGG,GHCND:US1TXGG0005,"LONGVIEW 3.4 NE, TX US",2024-08-27,TX
GGG,GHCND:US1TXGG0007,"LONGVIEW 0.9 E, TX US",2025-03-25,TX
GGG,GHCND:US1TXGG0019,"LONGVIEW 1.9 ESE, TX US",2022-03-15,TX
MSO,GHCND:US1MTMS0012,"MISSOULA 4.9 N, MT US",2025-03-26,MT
MSO,GHCND:US1MTMS0014,"MISSOULA 4.4 W, MT US",2025-03-26,MT
MSO,GHCND:US1MTMS0032,"MISSOULA 1.3 WNW, MT US",2025-03-25,MT
SLN,GHCND:US1KSSA0006,"SALINA 0.7 SSW, KS US",2025-03-26,KS
SLN,GHCND:US1KSSA0011,"SALINA 7.0 N, KS US",2025-01-21,KS
SLN,GHCND:US1KSSA0013,"SALINA 0.8 S, KS US",2025-03-26,KS
BIH,GHCND:USW00023157,"BISHOP AIRPORT, CA US",2025-03-25,CA
MLU,GHCND:USW00013942,"MONROE REGIONAL AIRPORT, LA US",2025-03-25,LA
HOB,GHCND:US1NMLE0029,"HOBBS 2.4 ESE, NM US",2022-08-16,NM
HOB,GHCND:USC00294026,"HOBBS, NM US",2022-09-30,NM
HOB,GHCND:USC00294028,"HOBBS FAA, NM US",2025-03-25,NM
DAY,GHCND:US1OHMY0023,"DAYTON 3.2 SSE, OH US",2025-03-24,OH
DAY,GHCND:US1OHMY0056,"DAYTON 3.7 SE, OH US",2025-03-26,OH
DAY,GHCND:US1OHMY0061,"DAYTON 5.8 NNW, OH US",2025-03-25,OH
DBQ,GHCND:USW00094908,"DUBUQUE REGIONAL AIRPORT, IA US",2025-03-24,IA
ROW,GHCND:US1NMCH0005,"ROSWELL 0.3 SSW, NM US",2025-01-09,NM
ROW,GHCND:US1NMCH0011,"ROSWELL 17.4 N, NM US",2025-03-23,NM
ROW,GHCND:US1NMCH0018,"ROSWELL 3.4 NNE, NM US",2025-03-26,NM
LEX,GHCND:USW00093820,"LEXINGTON BLUE GRASS AIRPORT, KY US",2025-03-24,KY
PIH,GHCND:USW00024156,"POCATELLO REGIONAL AIRPORT, ID US",2025-03-25,ID
EWN,GHCND:USW00093719,"NEW BERN COASTAL CAROLINA REGIONAL AIRPORT, NC US",2025-03-23,NC
ESC,GHCND:USW00014824,"ESCANABA, MI US",2025-03-26,MI
ESC,GHCND:USW00094853,"ESCANABA DELTA CO AIRPORT, MI US",2025-03-18,MI
SUX,GHCND:USC00137702,"SIOUX CITY ANG, IA US",2025-03-26,IA
SUX,GHCND:USW00014943,"SIOUX CITY AIRPORT, IA US",2025-03-25,IA
PAE,GHCND:US1WASN0004,"EVERETT 2.0 N, WA US",2025-03-25,WA
PAE,GHCND:US1WASN0020,"EVERETT 1.0 S, WA US",2025-03-26,WA
PAE,GHCND:US1WASN0027,"EVERETT 2.4 NNW, WA US",2025-01-13,WA
CNY,GHCND:US1UTGR0002,"MOAB 3.7 ESE, UT US",2022-04-08,UT
CNY,GHCND:US1UTGR0005,"MOAB 1.3 NW, UT US",2025-03-26,UT
CNY,GHCND:US1UTGR0012,"MOAB 2.7 SE, UT US",2025-03-24,UT
CDV,GHCND:USC00502179,"CORDOVA WWTP, AK US",2023-11-26,AK
CDV,GHCND:USW00026410,"CORDOVA AIRPORT, AK US",2025-03-25,AK
CDV,GHCND:USW00096405,"CORDOVA 14 ESE, AK US",2025-03-23,AK
COU,GHCND:USW00003945,"COLUMBIA REGIONAL AIRPORT, MO US",2025-03-25,MO
LBF,GHCND:US10linc003,"NORTH PLATTE 6.6 SSW, NE US",2022-07-04,NE
LBF,GHCND:US10linc018,"NORTH PLATTE 0.9 ENE, NE US",2025-03-14,NE
LBF,GHCND:US10linc035,"NORTH PLATTE 0.6 WNW, NE US",2025-03-24,NE
PBG,GHCND:USW00064776,"PLATTSBURGH INTERNATIONAL AIRPORT, NY US",2025-03-20,NY
PSE,GHCND:RQ1PRPC0002,"PONCE 3.2 NNE, US",2025-03-25,PR
PSE,GHCND:RQ1PRPC0004,"PONCE 5.0 NNW, US",2025-03-26,PR
PSE,GHCND:RQ1PRPC0006,"PONCE 2.3 NE, US",2025-03-15,PR
LAR,GHCND:US1WYAB0005,"LARAMIE 1.3 SE, WY US",2025-03-26,WY
LAR,GHCND:US1WYAB0030,"LARAMIE 2.7 ESE, WY US",2022-06-17,WY
LAR,GHCND:US1WYAB0045,"LARAMIE 1.7 N, WY US",2025-03-19,WY
FAI,GHCND:USW00026411,"FAIRBANKS INTERNATIONAL AIRPORT, AK US",2025-03-25,AK
SCC,GHCND:USW00026565,"DEADHORSE 3 S, AK US",2025-03-25,AK
SCC,GHCND:USW00027406,"DEADHORSE, AK US",2025-03-25,AK
MTJ,GHCND:USW00093013,"MONTROSE REGIONAL AIRPORT, CO US",2025-03-24,CO
SJT,GHCND:US1TXTG0013,"SAN ANGELO 3.3 WSW, TX US",2025-03-04,TX
SJT,GHCND:US1TXTG0034,"SAN ANGELO 5.5 SSW, TX US",2025-03-04,TX
SJT,GHCND:US1TXTG0044,"SAN ANGELO 1.0 NNW, TX US",2025-03-07,TX
AGS,GHCND:US1GARC0009,"WEST AUGUSTA 0.9 NW, GA US",2025-03-24,GA
AGS,GHCND:US1GARC0012,"AUGUSTA 4.2 W, GA US",2022-06-09,GA
AGS,GHCND:US1GARC0015,"AUGUSTA 3.0 WNW, GA US",2025-03-26,GA
MDT,GHCND:USW00014711,"MIDDLETOWN HARRISBURG INTERNATIONAL AIRPORT, PA US",2025-03-25,PA
HDN,GHCND:USW00094025,"HAYDEN YAMPA VALLEY AIRPORT, CO US",2025-03-22,CO
CWA,GHCND:US1WIMT0013,"MOSINEE 6.3 S, WI US",2025-03-26,WI
CWA,GHCND:US1WIMT0014,"MOSINEE 2.7 WSW, WI US",2025-03-23,WI
CWA,GHCND:US1WIMT0023,"MOSINEE 4.0 SSW, WI US",2025-03-19,WI
MOT,GHCND:USW00024013,"MINOT INTERNATIONAL AIRPORT, ND US",2025-03-25,ND
IDA,GHCND:US1IDBV0006,"IDAHO FALLS 11.7 NE, ID US",2025-03-26,ID
IDA,GHCND:US1IDBV0011,"IDAHO FALLS 1.2 S, ID US",2024-03-19,ID
IDA,GHCND:USC00104455,"IDAHO FALLS KIFI, ID US",2025-03-21,ID
FAR,GHCND:USW00014914,"FARGO HECTOR INTERNATIONAL AIRPORT, ND US",2025-03-25,ND
GFK,GHCND:USW00014916,"GRAND FORKS INTERNATIONAL AIRPORT, ND US",2025-03-25,ND
JAC,GHCND:USW00024166,"JACKSON HOLE AIRPORT, WY US",2025-03-25,WY
IMT,GHCND:USW00094893,"IRON MOUNTAIN FORD AIRPORT, MI US",2025-03-22,MI
LCH,GHCND:USW00003937,"LAKE CHARLES REGIONAL AIRPORT, LA US",2025-03-25,LA
CLL,GHCND:USW00003904,"COLLEGE STATION EASTERWOOD FIELD, TX US",2025-03-25,TX
BET,GHCND:USW00026615,"BETHEL AIRPORT, AK US",2025-03-25,AK
BQN,GHCND:RQ1PRAL0003,"AGUADILLA 5.5 NNE, US",2025-03-26,PR
BRD,GHCND:US1MNCS0012,"BRAINERD 7.8 W, MN US",2024-11-19,MN
BRD,GHCND:US1MNCW0008,"BRAINERD 11.5 E, MN US",2025-03-26,MN
BRD,GHCND:US1MNCW0029,"BRAINERD 7.7 SSE, MN US",2025-03-25,MN
DAB,GHCND:USW00012834,"DAYTONA BEACH INTERNATIONAL AIRPORT, FL US",2025-03-25,FL
DRO,GHCND:US1COLP0008,"DURANGO 4.9 ESE, CO US",2025-03-19,CO
DRO,GHCND:US1COLP0020,"DURANGO 10 NNE, CO US",2023-07-30,CO
DRO,GHCND:US1COLP0022,"DURANGO 0.8 SSW, CO US",2025-03-25,CO
STS,GHCND:US1CASN0006,"SANTA ROSA 3.1 W, CA US",2025-03-25,CA
STS,GHCND:US1CASN0013,"SANTA ROSA 2.7 WSW, CA US",2025-03-26,CA
STS,GHCND:US1CASN0042,"SANTA ROSA 2.9 ENE, CA US",2025-03-25,CA
ROA,GHCND:US1VARN0003,"ROANOKE 5.5 SW, VA US",2025-03-26,VA
ROA,GHCND:US1VARN0005,"ROANOKE 4.3 SW, VA US",2025-03-25,VA
ROA,GHCND:US1VARN0006,"ROANOKE 7.3 SSW, VA US",2025-03-16,VA
DDC,GHCND:USW00013985,"DODGE CITY REGIONAL AIRPORT, KS US",2025-03-25,KS
INL,GHCND:US1MNKC0004,"INTERNATIONAL FALLS 7.7 S, MN US",2024-10-23,MN
INL,GHCND:US1MNKC0007,"INTERNATIONAL FALLS 10.3 E, MN US",2023-10-22,MN
INL,GHCND:US1MNKC0008,"INTERNATIONAL FALLS 1.1 NW, MN US",2023-04-27,MN
ORH,GHCND:USW00094746,"WORCESTER REGIONAL AIRPORT, MA US",2025-03-24,MA
TXK,GHCND:US1ARML0003,"TEXARKANA 5.3 SSW, AR US",2025-03-26,AR
TXK,GHCND:USW00013977,"TEXARKANA WEBB FIELD, AR US",2025-03-25,AR
BFF,GHCND:US10bann007,"SCOTTSBLUFF 25.5 SSW, NE US",2025-03-24,NE
BFF,GHCND:US10scot005,"SCOTTSBLUFF 16.4 WNW, NE US",2024-11-09,NE
BFF,GHCND:US10scot039,"SCOTTSBLUFF 1.5 NE, NE US",2024-11-08,NE
DHN,GHCND:USW00013839,"DOTHAN REGIONAL AIRPORT, AL US",2025-03-24,AL
SCK,GHCND:US1CASJ0004,"STOCKTON 5.8 NNE, CA US",2025-03-26,CA
SCK,GHCND:USW00023237,"STOCKTON AIRPORT, CA US",2025-03-25,CA
LRD,GHCND:USW00012907,"LAREDO INTERNATIONAL AIRPORT, TX US",2025-03-25,TX
BTM,GHCND:USW00024135,"BUTTE BERT MOONEY AIRPORT, MT US",2025-03-25,MT
IPT,GHCND:USW00014778,"WILLIAMSPORT REGIONAL AIRPORT, PA US",2025-03-25,PA
HYA,GHCND:US1MABA0060,"HYANNIS 0.7 WNW, MA US",2025-03-26,MA
HYA,GHCND:USC00193821,"HYANNIS, MA US",2025-03-26,MA
HYA,GHCND:USW00094720,"HYANNIS BARNSTABLE MUNICIPAL AIRPORT, MA US",2025-03-23,MA
PVU,GHCND:US1UTUT0038,"PROVO 1.9 W, UT US",2025-01-04,UT
PVU,GHCND:USC00427061,"PROVO AIRPORT, UT US",2025-03-24,UT
PVU,GHCND:USC00427064,"PROVO BYU, UT US",2025-03-25,UT
LBL,GHCND:US1KSSW0012,"LIBERAL 0.3 SSW, KS US",2024-11-13,KS
LBL,GHCND:USC00144695,"LIBERAL, KS US",2025-03-16,KS
LBL,GHCND:USW00023020,"LIBERAL MUNICIPAL AIRPORT, KS US",2025-03-24,KS
AZO,GHCND:US1MIKZ0001,"KALAMAZOO 6.0 SW, MI US",2025-03-26,MI
AZO,GHCND:US1MIKZ0009,"KALAMAZOO 5.6 E, MI US",2025-02-13,MI
AZO,GHCND:US1MIKZ0024,"KALAMAZOO 5.7 NE, MI US",2024-07-30,MI
ACK,GHCND:USW00014756,"NANTUCKET MEMORIAL AIRPORT, MA US",2025-03-25,MA
YUM,GHCND:US1AZYM0001,"YUMA 13.8 ESE, AZ US",2022-03-06,AZ
YUM,GHCND:US1AZYM0007,"YUMA 7.7 SE, AZ US",2025-03-14,AZ
YUM,GHCND:US1AZYM0010,"YUMA 15.0 ESE, AZ US",2025-03-14,AZ
DRT,GHCND:USW00022010,"DEL RIO INTERNATIONAL AIRPORT, TX US",2025-03-25,TX
COD,GHCND:US1WYPK0007,"CODY 2.4 WSW, WY US",2025-03-26,WY
COD,GHCND:US1WYPK0016,"CODY 7.2 NNE, WY US",2025-03-26,WY
COD,GHCND:US1WYPK0018,"CODY 3.8 SE, WY US",2025-03-25,WY
LNK,GHCND:USW00014939,"LINCOLN AIRPORT, NE US",2025-03-25,NE
SHD,GHCND:US1VAAG0006,"STAUNTON 0.5 WNW, VA US",2025-03-26,VA
SHD,GHCND:US1VAAG0008,"STAUNTON 2.0 S, VA US",2025-01-18,VA
SHD,GHCND:US1VAAG0031,"STAUNTON 1.0 WSW, VA US",2025-03-26,VA
CIU,GHCND:US1MICP0011,"SAULT STE. MARIE 7.8 SE, MI US",2024-10-30,MI
CIU,GHCND:US1MICP0014,"SAULT STE. MARIE 2.2 E, MI US",2025-03-26,MI
HLN,GHCND:US1MTLC0004,"HELENA 10.6 N, MT US",2025-03-25,MT
HLN,GHCND:US1MTLC0011,"HELENA 9.3 NNE, MT US",2025-01-06,MT
HLN,GHCND:US1MTLC0014,"HELENA 2.0 NNW, MT US",2025-03-26,MT
LWB,GHCND:US1WVGB0006,"LEWISBURG 1.7 W, WV US",2022-12-23,WV
LWB,GHCND:USC00465224,"LEWISBURG 3 N, WV US",2025-03-26,WV
MEI,GHCND:USW00013865,"MERIDIAN KEY FIELD, MS US",2025-03-25,MS
SAF,GHCND:US1NMSF0001,"SANTA FE 7.7 WNW, NM US",2025-03-08,NM
SAF,GHCND:US1NMSF0013,"SANTA FE 1.3 WSW, NM US",2025-03-26,NM
SAF,GHCND:US1NMSF0014,"SANTA FE 9.6 S, NM US",2025-03-26,NM
CYS,GHCND:US1WYLM0006,"CHEYENNE 7.5 ENE, WY US",2022-09-13,WY
CYS,GHCND:US1WYLM0007,"CHEYENNE 1.0 NNW, WY US",2025-03-26,WY
CYS,GHCND:US1WYLM0016,"CHEYENNE 4.8 ENE, WY US",2022-01-19,WY
ABR,GHCND:USW00014929,"ABERDEEN REGIONAL AIRPORT, SD US",2025-03-25,SD
LCK,GHCND:US1OHFR0034,"COLUMBUS 3.6 NW, OH US",2025-03-25,OH
LCK,GHCND:US1OHFR0046,"COLUMBUS 8.2 NE, OH US",2025-03-21,OH
LCK,GHCND:US1OHFR0051,"COLUMBUS 3.7 NW, OH US",2025-03-26,OH
RKS,GHCND:US1WYSW0016,"ROCK SPRINGS 7.1 SSE, WY US",2025-03-25,WY
RKS,GHCND:US1WYSW0019,"ROCK SPRINGS 0.9 S, WY US",2024-10-21,WY
RKS,GHCND:US1WYSW0030,"ROCK SPRINGS 4.4 NNW, WY US",2025-01-21,WY
GCK,GHCND:USW00023064,"GARDEN CITY REGIONAL AIRPORT, KS US",2025-03-25,KS
LWS,GHCND:US1IDNP0010,"LEWISTON 3.5 ENE, ID US",2025-03-25,ID
LWS,GHCND:USW00024149,"LEWISTON AIRPORT, ID US",2025-03-25,ID
EAR,GHCND:US10buff002,"KEARNEY 1.8 WNW, NE US",2025-03-20,NE
EAR,GHCND:US10buff004,"KEARNEY 0.9 SW, NE US",2025-03-25,NE
EAR,GHCND:US1NEBF0001,"KEARNEY 1.9 NNE, NE US",2025-03-26,NE
GTR,GHCND:US1MSLW0002,"COLUMBUS 5.3 N, MS US",2025-03-25,MS
GTR,GHCND:US1MSLW0005,"COLUMBUS 5.3 ESE, MS US",2025-03-25,MS
GTR,GHCND:US1MSLW0012,"COLUMBUS 5.7 ESE, MS US",2025-03-24,MS
CSG,GHCND:US1GAMS0004,"COLUMBUS 5.6 NNE, GA US",2025-03-26,GA
CSG,GHCND:US1GAMS0010,"COLUMBUS 4.6 NNW, GA US",2025-03-24,GA
CSG,GHCND:USC00092159,"COLUMBUS NUMBER 2, GA US",2025-03-25,GA
RFD,GHCND:US1ILWN0014,"ROCKFORD 3.3 NE, IL US",2023-12-27,IL
RFD,GHCND:US1ILWN0026,"ROCKFORD 1.5 ENE, IL US",2022-01-05,IL
RFD,GHCND:US1ILWN0032,"ROCKFORD 5.5 S, IL US",2022-07-11,IL
ADQ,GHCND:USW00025501,"KODIAK AIRPORT, AK US",2025-03-25,AK
BLV,GHCND:US1ILSC0003,"BELLEVILLE 2.2 SE, IL US",2023-06-30,IL
BLV,GHCND:US1ILSC0023,"BELLEVILLE 2.7 SSE, IL US",2025-03-20,IL
BLV,GHCND:US1ILSC0037,"BELLEVILLE 1.9 WNW, IL US",2025-03-26,IL
TYR,GHCND:US1TXSM0023,"TYLER 1.7 NE, TX US",2025-03-26,TX
TYR,GHCND:US1TXSM0024,"TYLER 8.9 ESE, TX US",2025-03-26,TX
TYR,GHCND:US1TXSM0025,"TYLER 1.9 SSW, TX US",2025-03-25,TX
PAH,GHCND:USW00003816,"PADUCAH BARKLEY REGIONAL AIRPORT, KY US",2025-03-25,KY
JST,GHCND:US1PACM0011,"JOHNSTOWN 3.6 SE, PA US",2025-03-26,PA
JST,GHCND:USW00004726,"JOHNSTOWN CAMBRIA CO AIRPORT, PA US",2025-03-25,PA
TOL,GHCND:US1OHLS0036,"TOLEDO 3.8 SE, OH US",2022-06-26,OH
TOL,GHCND:US1OHLS0040,"TOLEDO 3.3 ESE, OH US",2024-12-18,OH
TOL,GHCND:US1OHLS0041,"TOLEDO 3.9 NW, OH US",2025-03-26,OH
PSG,GHCND:USW00025329,"PETERSBURG 1, AK US",2025-03-25,AK
YKM,GHCND:US1WAYK0010,"YAKIMA 2.5 WNW, WA US",2025-03-26,WA
YKM,GHCND:US1WAYK0024,"YAKIMA 0.9 WNW, WA US",2025-03-26,WA
YKM,GHCND:US1WAYK0035,"YAKIMA 6.5 E, WA US",2023-12-10,WA
EAT,GHCND:USW00094239,"WENATCHEE PANGBORN MEMORIAL AIRPORT, WA US",2025-03-24,WA
SPI,GHCND:USW00093822,"SPRINGFIELD ABRAHAM LINCOLN CAPITAL AIRPORT, IL US",2025-03-24,IL
BQK,GHCND:US1GAGN0018,"BRUNSWICK 7.9 NNW, GA US",2025-03-16,GA
BQK,GHCND:USC00091340,"BRUNSWICK, GA US",2025-03-25,GA
BQK,GHCND:USW00013878,"BRUNSWICK MCKINNON AIRPORT, GA US",2023-12-31,GA
TWF,GHCND:US1IDTF0001,"TWIN FALLS 4.9 WSW, ID US",2025-03-26,ID
TWF,GHCND:USW00094178,"TWIN FALLS SUN VALLEY REGIONAL AIRPORT, ID US",2025-03-23,ID
PUB,GHCND:USW00093058,"PUEBLO MEMORIAL AIRPORT, CO US",2025-03-24,CO
DEC,GHCND:USW00003887,"DECATUR AIRPORT, IL US",2025-03-25,IL
HHH,GHCND:US1SCBF0002,"HILTON HEAD ISLAND 4.0 N, SC US",2025-03-26,SC
HHH,GHCND:US1SCBF0055,"HILTON HEAD ISLAND 1.2 WNW, SC US",2022-02-08,SC
HHH,GHCND:US1SCBF0059,"HILTON HEAD ISLAND 2.8 NNE, SC US",2022-07-26,SC
PLN,GHCND:USW00014841,"PELLSTON REGIONAL AIRPORT, MI US",2025-03-25,MI
HIB,GHCND:US1MNSL0137,"HIBBING 2.5 N, MN US",2024-11-25,MN
HIB,GHCND:US1MNSL0183,"HIBBING 0.8 NNE, MN US",2022-05-31,MN
HIB,GHCND:US1MNSL0189,"HIBBING 11.6 SSW, MN US",2025-03-26,MN
GUC,GHCND:US1COGN0040,"GUNNISON 6.6 N, CO US",2025-03-26,CO
GUC,GHCND:US1COGN0041,"GUNNISON 0.8 NNW, CO US",2025-03-20,CO
GUC,GHCND:US1COGN0052,"GUNNISON 0.8 N, CO US",2022-12-28,CO
OME,GHCND:USW00026617,"NOME AIRPORT, AK US",2025-03-25,AK
MBS,GHCND:USW00014845,"SAGINAW MBS INTERNATIONAL AIRPORT, MI US",2025-03-25,MI
BFM,GHCND:US1ALMB0004,"MOBILE 2.6 WNW, AL US",2025-03-25,AL
BFM,GHCND:US1ALMB0049,"MOBILE 1.2 WSW, AL US",2025-03-26,AL
BFM,GHCND:US1ALMB0060,"MOBILE 5.0 WNW, AL US",2025-01-09,AL
LYH,GHCND:US1VAAH0007,"LYNCHBURG 2.8 E, VA US",2025-03-20,VA
LYH,GHCND:US1VABD0029,"LYNCHBURG 5.1 NNW, VA US",2025-03-06,VA
LYH,GHCND:US1VALYC004,"LYNCHBURG 2.5 WSW, VA US",2025-03-26,VA
RHI,GHCND:US1WION0002,"RHINELANDER 6.3 WNW, WI US",2022-05-12,WI
RHI,GHCND:US1WION0004,"RHINELANDER 0.6 SSW, WI US",2022-07-04,WI
RHI,GHCND:US1WION0006,"RHINELANDER 5.2 N, WI US",2025-03-26,WI
ALW,GHCND:USW00024160,"WALLA WALLA REGIONAL AIRPORT, WA US",2025-03-25,WA
DLG,GHCND:USC00502457,"DILLINGHAM AIRPORT, AK US",2025-03-24,AK
ALS,GHCND:US1COAM0001,"ALAMOSA 5.8 WNW, CO US",2025-03-26,CO
ALS,GHCND:US1COAM0021,"ALAMOSA 1.2 NE, CO US",2025-03-25,CO
ALS,GHCND:US1COAM0035,"ALAMOSA 1.6 ENE, CO US",2025-03-26,CO
MMH,GHCND:US1CAMN0005,"MAMMOTH LAKES 16.3 ESE, CA US",2025-03-23,CA
MMH,GHCND:USC00045280,"MAMMOTH LAKES RANGER STATION, CA US",2022-08-31,CA
XWA,GHCND:USC00329421,"WILLISTON, ND US",2025-03-25,ND
XWA,GHCND:USC00329426,"WILLISTON AIRPORT, ND US",2025-03-25,ND
XWA,GHCND:USC00329430,"WILLISTON EXPERIMENTAL FARM, ND US",2025-03-12,ND
ERI,GHCND:US1PAER0002,"ERIE 5.6 SW, PA US",2023-10-03,PA
ERI,GHCND:US1PAER0016,"ERIE 4.4 ESE, PA US",2023-12-30,PA
ERI,GHCND:US1PAER0022,"ERIE 2.4 WSW, PA US",2024-12-04,PA
PGV,GHCND:US1NCPT0008,"GREENVILLE 1.4 SE, NC US",2025-03-17,NC
PGV,GHCND:US1NCPT0017,"GREENVILLE 4.6 W, NC US",2025-03-24,NC
PGV,GHCND:US1NCPT0018,"GREENVILLE 7.1 SSE, NC US",2025-03-26,NC
HGR,GHCND:US1MDWH0003,"HAGERSTOWN 1.0 ENE, MD US",2025-03-26,MD
HGR,GHCND:US1MDWH0019,"HAGERSTOWN 4.1 NNW, MD US",2025-03-26,MD
HGR,GHCND:US1MDWH0022,"HAGERSTOWN 3.2 S, MD US",2025-03-26,MD
ATY,GHCND:USW00014946,"WATERTOWN REGIONAL AIRPORT, SD US",2025-03-25,SD
SMX,GHCND:US1CASB0005,"SANTA MARIA 1.8 NE, CA US",2025-03-26,CA
SMX,GHCND:USW00023273,"SANTA MARIA PUBLIC AIRPORT, CA US",2025-03-25,CA
HVN,GHCND:US1CTNH0057,"NEW HAVEN 2.9 NNW, CT US",2024-01-07,CT
HVN,GHCND:USW00014758,"NEW HAVEN TWEED AIRPORT, CT US",2025-03-25,CT
CGI,GHCND:US1MOCG0008,"CAPE GIRARDEAU 2.3 N, MO US",2025-03-15,MO
CGI,GHCND:US1MOCG0012,"CAPE GIRARDEAU 1.8 SE, MO US",2025-02-04,MO
CGI,GHCND:US1MOCG0017,"CAPE GIRARDEAU 1.0 ESE, MO US",2025-03-15,MO
BKG,GHCND:USC00230887,"BRANSON AIRPORT, MO US",2025-03-25,MO
DIK,GHCND:US1NDDN0019,"DICKINSON 7.1 N, ND US",2025-03-23,ND
DIK,GHCND:US1NDSK0006,"DICKINSON 1.4 NW, ND US",2022-10-03,ND
DIK,GHCND:US1NDSK0012,"DICKINSON 1.3 WNW, ND US",2025-03-26,ND
AKN,GHCND:USW00025503,"KING SALMON AIRPORT, AK US",2025-03-25,AK
FLO,GHCND:USW00013744,"FLORENCE REGIONAL AIRPORT, SC US",2025-03-25,SC
EAU,GHCND:USW00014991,"CHIPPEWA VALLEY REGIONAL AIRPORT, WI US",2025-03-25,WI
TBN,GHCND:US1MOPU0014,"FORT LEONARD WOOD 5.4 SE, MO US",2025-03-24,MO
TBN,GHCND:USC00232981,"FORT LEONARD WOOD, MO US",2025-03-26,MO
PSM,GHCND:US1NHRC0059,"PORTSMOUTH 1.6 NE, NH US",2024-10-29,NH
EKO,GHCND:USW00024121,"ELKO REGIONAL AIRPORT, NV US",2025-03-25,NV
PUW,GHCND:US1WAWM0015,"PULLMAN 0.4 SE, WA US",2025-03-25,WA
PUW,GHCND:US1WAWM0016,"PULLMAN 3.0 ESE, WA US",2025-03-25,WA
PUW,GHCND:US1WAWM0018,"PULLMAN 0.5 NW, WA US",2024-11-22,WA
FOD,GHCND:US1IAWB0003,"FORT DODGE 1.6 ENE, IA US",2025-03-26,IA
FOD,GHCND:US1IAWB0012,"FORT DODGE 5.6 WNW, IA US",2025-03-25,IA
FOD,GHCND:US1IAWB0017,"FORT DODGE 1.7 NNW, IA US",2025-03-26,IA
CDB,GHCND:USW00025624,"COLD BAY AIRPORT, AK US",2025-03-25,AK
WYS,GHCND:US1MTGN0024,"WEST YELLOWSTONE 0.4 NNE, MT US",2024-09-30,MT
WYS,GHCND:US1MTMD0013,"WEST YELLOWSTONE 25.2 NW, MT US",2024-10-17,MT
WYS,GHCND:USC00248858,"WEST YELLOWSTONE GATEWAY, MT US",2025-03-19,MT
OTH,GHCND:USW00024284,"NORTH BEND SOUTHWEST OREGON REGIONAL AIRPORT, OR US",2025-03-25,OR
VCT,GHCND:USC00419367,"VICTORIA REGIONAL AIRPORT, TX US",2025-03-25,TX
VCT,GHCND:USW00012912,"VICTORIA REGIONAL AIRPORT, TX US",2025-03-25,TX
OGS,GHCND:US1NYSL0017,"OGDENSBURG 1.1 WSW, NY US",2023-04-01,NY
OGS,GHCND:USC00306164,"OGDENSBURG 4 NE, NY US",2023-09-13,NY
ISN,GHCND:USC00329421,"WILLISTON, ND US",2025-03-25,ND
ISN,GHCND:USC00329426,"WILLISTON AIRPORT, ND US",2025-03-25,ND
ISN,GHCND:USC00329430,"WILLISTON EXPERIMENTAL FARM, ND US",2025-03-12,ND
ART,GHCND:USW00094790,"WATERTOWN INTERNATIONAL AIRPORT, NY US",2025-03-24,NY
ILG,GHCND:US1DENC0032,"WILMINGTON 2.0 NW, DE US",2025-03-25,DE
ILG,GHCND:US1DENC0033,"WILMINGTON 3.6 N, DE US",2024-01-18,DE
ILG,GHCND:US1DENC0040,"WILMINGTON 5.6 N, DE US",2025-03-26,DE
OWB,GHCND:US1KYDV0003,"OWENSBORO 4.9 S, KY US",2025-03-26,KY
OWB,GHCND:US1KYDV0016,"OWENSBORO 3.5 SE, KY US",2025-03-25,KY
OWB,GHCND:US1KYDV0018,"OWENSBORO 0.5 ENE, KY US",2025-03-26,KY
OGD,GHCND:US1UTWB0025,"SOUTH OGDEN 1.3 N, UT US",2025-03-18,UT
OGD,GHCND:USC00426405,"OGDEN NE BENCH, UT US",2025-03-26,UT
OGD,GHCND:USW00024126,"OGDEN HINKLEY AIRPORT, UT US",2025-03-25,UT
STC,GHCND:USW00014926,"ST. CLOUD REGIONAL AIRPORT, MN US",2025-03-25,MN
UIN,GHCND:US1ILAD0012,"QUINCY 3.7 SE, IL US",2025-03-23,IL
UIN,GHCND:US1ILAD0013,"QUINCY 2.6 E, IL US",2023-07-31,IL
UIN,GHCND:US1ILAD0016,"QUINCY 4.4 ESE, IL US",2025-03-26,IL
GST,GHCND:USW00025322,"GUSTAVUS, AK US",2025-03-25,AK
GST,GHCND:USW00025380,"GUSTAVUS 2 NE, AK US",2025-03-25,AK
ADK,GHCND:USW00025704,"ADAK AIRPORT, AK US",2025-03-24,AK
